201,Shravan,supershrav@gmail.com,21,chennai-photography,travel,food
202,krishna,kk@gmail.com,21,chennai-coding,developer,books
203,pradeep,123@gmail.com,21,chennai-gaming,bike,sleep
204,kishore,456@gmail.com,21,chennai-politics,althaf,food
205,prithvi,123@yahoo.com,21,chennai-fitness,badminton
206,vikram,kad@gmail.com,21,chennai-chickhunter,cars,food
207,rama,rama@gmail.com,21,chennai-coding,developer,typing
208,raja,rajan@gmail.com,12,chennai-cooking,food,travel
209,khan,khan@gmail.com,83,chennai-driving,cars,bike
210,venkat,venkat@gmail.com,31,chennai-developer,typing,badminton
211,rohit,rohit@gmail.com,33,chennai-badminton,fitness,politics
212,mara,mara@gmail.com,33,chennai-football,food,cars
213,jaya,jaya@gmail.com,21,chennai-memes,swimming,fitness
214,rahul,rahul@gmail.com,33,chennai-memes,food,travel
215,suresh,suresh@gmail.com,21,chennai-driving,politics
216,ramesh,ramesh@gmail.com,21,chennai-chickhunter,bike,cars
217,ashok,ashok@gmail.com,23,chennai-memes,politics,gaming
218,walter,walter@gmail.com,21,chennai-sleep,books,coding
219,aravind,aravind@gmail.com,21,chennai-travel,coding,developer
220,hamid,hamid@gmail.com,25,chennai-swimming,fitness,chickhunter